Rk,Season,Team,Comp,MP,W,D,L,Pts,Pts/MP,Min,Subs,LgRank,GF,GA,GD,Poss,CS,CS%,G-PK,PK,PKatt,PKm,xG,npxG,xGD,npxGD,xAG,xA,G-xG,np:G-xG,A-xAG,npxG/Sh,Sh,G/Sh,G/SoT,SoT,SoT%,Dist,FK
1,2024-2025,Arsenal,eng Premier League,38,20,14,4,74,1.95,3420,142,2,69,34,35,56.9,13,34.2,65,2,2,0,59.9,58.4,25.5,26.3,45.3,45.7,7.1,6.6,9.7,0.11,544,0.12,0.37,178,32.7,15.1,10
2,2024-2025,Manchester Utd,eng Premier League,38,11,9,18,42,1.11,3420,161,15,44,54,-10,53.5,10,26.3,38,4,4,0,52.6,49.4,-1.3,-1.3,39.7,35.6,-10.6,-11.4,-10.7,0.1,524,0.07,0.23,168,32.1,17.4,15
3,2024-2025,Southampton,eng Premier League,38,2,6,30,12,0.32,3420,180,20,26,86,-60,48.5,3,7.9,25,0,2,2,32.7,30.9,-52.1,-47,24.8,23.9,-7.7,-5.9,-8.8,0.09,341,0.07,0.24,106,31.1,16.3,7
4,2024-2025,Tottenham,eng Premier League,38,11,5,22,38,1,3420,158,17,64,65,-1,54.7,6,15.8,58,3,4,1,58.8,55.7,-4.5,-5.3,44.4,36.3,2.2,2.3,2.6,0.12,493,0.12,0.33,177,35.9,16,13
5,2024-2025,Crystal Palace,eng Premier League,38,13,14,11,53,1.39,3420,148,12,51,51,0,42.8,11,28.9,46,3,4,1,60.4,57.3,11.3,9.7,46.4,36.6,-11.4,-11.3,-8.4,0.11,512,0.09,0.26,175,34.2,16.8,19
6,2024-2025,Bournemouth,eng Premier League,38,15,11,12,56,1.47,3420,162,9,58,46,12,48.5,9,23.7,51,6,7,1,64,58.5,15.5,13.2,43.8,36.5,-7,-7.5,-2.8,0.1,574,0.09,0.27,192,33.4,16.7,10
7,2024-2025,West Ham,eng Premier League,38,11,10,17,43,1.13,3420,172,14,46,62,-16,48.4,7,18.4,40,3,3,0,47,44.7,-12.7,-12.7,33.9,32,-4,-4.7,-4.9,0.1,473,0.08,0.29,137,29,16.3,14
8,2024-2025,Liverpool,eng Premier League,38,25,9,4,84,2.21,3420,165,1,86,41,45,57.7,14,36.8,76,9,9,0,82.2,75.2,43.6,38.4,61.6,54.3,2.8,0.8,3.4,0.12,639,0.12,0.35,215,33.6,15.9,11
9,2024-2025,Aston Villa,eng Premier League,38,19,9,10,66,1.74,3420,170,6,58,51,7,50.5,9,23.7,53,3,6,3,56.1,51.3,5.9,3.5,41.7,36.9,-0.1,1.7,3.3,0.11,478,0.11,0.33,159,33.3,16.3,12
10,2024-2025,Wolves,eng Premier League,38,12,6,20,42,1.11,3420,167,16,54,69,-15,48.1,8,21.1,53,0,0,0,43.7,43.7,-14.5,-7.4,35.4,26.6,9.3,9.3,6.6,0.1,431,0.12,0.34,155,36,18.1,18
11,2024-2025,Leicester City,eng Premier League,38,6,7,25,25,0.66,3420,168,18,33,80,-47,45.4,3,7.9,31,2,3,1,32.6,30.4,-39.3,-38.4,25.1,24.1,0.4,0.6,-0.1,0.09,332,0.09,0.3,105,31.6,17.3,8
12,2024-2025,Newcastle Utd,eng Premier League,38,20,6,12,66,1.74,3420,163,5,68,47,21,51.3,13,34.2,61,5,6,1,63.8,59.5,18.3,15.5,46,42.2,2.2,1.5,4,0.12,519,0.12,0.37,163,31.4,15.9,14
13,2024-2025,Ipswich Town,eng Premier League,38,4,10,24,22,0.58,3420,178,19,36,82,-46,40.6,2,5.3,33,2,2,0,34.4,32.8,-38.3,-35.5,24.2,21.2,0.6,0.2,1.8,0.09,374,0.09,0.28,120,32.1,17.7,10
14,2024-2025,Manchester City,eng Premier League,38,21,8,9,71,1.87,3420,131,3,72,44,28,61.3,13,34.2,68,3,4,1,68.1,64.9,20.4,20.3,54.2,53.8,2.9,3.1,-3.2,0.11,603,0.11,0.33,208,34.5,16.9,21
15,2024-2025,Brentford,eng Premier League,38,16,8,14,56,1.47,3420,142,10,66,57,9,47.9,8,21.1,60,5,6,1,59,54.4,3.6,-0.3,42.4,38.1,6,5.6,1.6,0.13,434,0.14,0.35,173,39.9,14.9,10
16,2024-2025,Chelsea,eng Premier League,38,20,9,9,69,1.82,3420,140,4,64,43,21,57.1,11,28.9,57,4,5,1,67.8,63.8,20.5,21.3,52.7,41.8,-6.8,-6.8,-5.7,0.11,590,0.1,0.28,203,34.4,16.7,17
17,2024-2025,Brighton,eng Premier League,38,16,13,9,61,1.61,3420,184,8,66,59,7,52.3,8,21.1,57,7,7,0,58.7,53.3,4.1,5.6,40.4,39.1,5.3,3.7,0.6,0.1,526,0.11,0.31,183,34.8,17.2,25
18,2024-2025,Everton,eng Premier League,38,11,15,12,48,1.26,3420,130,13,42,44,-2,40.9,12,31.6,37,2,2,0,41.8,40.2,-4.5,-4.4,32.2,27.2,-2.8,-3.2,-5.2,0.1,404,0.09,0.27,139,34.4,16.8,11
19,2024-2025,Nott'ham Forest,eng Premier League,38,19,8,11,65,1.71,3420,167,7,58,46,12,41.2,13,34.2,54,3,3,0,45.5,43.2,-3.4,-3.4,33,29.9,11.5,10.8,9,0.1,460,0.12,0.33,162,35.2,17.5,15
20,2024-2025,Fulham,eng Premier League,38,15,9,14,54,1.42,3420,179,11,54,54,0,52.3,5,13.2,50,3,4,1,49,45.9,1.8,1.8,37.5,35,4,4.1,6.5,0.09,516,0.1,0.3,167,32.4,16.4,10
21,2023-2024,Arsenal,eng Premier League,38,28,5,5,89,2.34,3420,154,2,91,29,62,58.2,18,47.4,76,10,10,0,76.1,68.5,48.2,42.8,55.3,57.8,9.9,7.5,6.7,0.11,647,0.12,0.36,209,32.3,15.8,6
22,2023-2024,Manchester Utd,eng Premier League,38,18,6,14,60,1.58,3420,153,8,57,58,-1,50.6,9,23.7,51,6,7,1,56.5,51,-12.5,-12.4,40.1,34.6,0.5,0,-4.1,0.1,543,0.09,0.28,182,33.5,17.4,15
23,2023-2024,Sheffield Utd,eng Premier League,38,3,7,28,16,0.42,3420,152,20,35,104,-69,35.8,1,2.6,26,5,5,0,38.3,34.5,-38.3,-36.7,25.8,21,-7.3,-8.5,-7.8,0.1,360,0.07,0.22,117,32.5,17.4,8
24,2023-2024,Tottenham,eng Premier League,38,20,6,12,66,1.74,3420,170,5,74,61,13,61.6,7,18.4,67,2,2,0,68.2,66.7,4.8,8.3,57.4,52.1,0.8,0.3,0.6,0.12,582,0.12,0.32,207,35.6,16.5,11
25,2023-2024,Crystal Palace,eng Premier League,38,13,10,15,49,1.29,3420,126,10,57,58,-1,42.3,10,26.3,52,4,4,0,48.6,45.4,-3.4,-4.2,38.7,31.5,7.4,6.6,4.3,0.1,452,0.12,0.32,162,35.8,17.2,20
26,2023-2024,Bournemouth,eng Premier League,38,13,9,16,48,1.26,3420,170,12,54,67,-13,44.4,9,23.7,50,2,3,1,55.9,53.6,-2.2,1.1,40.5,33.7,-3.9,-3.6,-1.5,0.1,539,0.09,0.29,175,32.5,16.7,18
27,2023-2024,West Ham,eng Premier League,38,14,10,14,52,1.37,3420,109,9,60,74,-14,41.1,5,13.2,54,4,5,1,52.3,48.4,-18.8,-14.8,34.8,30.8,5.7,5.6,5.2,0.11,445,0.12,0.37,146,32.8,16.2,17
28,2023-2024,Liverpool,eng Premier League,38,24,10,4,82,2.16,3420,166,3,86,41,45,61.3,10,26.3,74,6,9,3,87.8,80.4,42,35.5,63.7,55.6,-7.8,-6.4,-3.7,0.11,781,0.09,0.28,263,33.7,17.2,18
29,2023-2024,Aston Villa,eng Premier League,38,20,8,10,68,1.79,3420,151,4,76,61,15,53.1,8,21.1,68,4,4,0,63.3,60.3,3.4,2,48.6,42.5,8.7,7.7,6.4,0.12,511,0.13,0.37,182,35.6,16,15
30,2023-2024,Wolves,eng Premier League,38,13,7,18,46,1.21,3420,146,14,50,65,-15,48.9,5,13.2,43,4,4,0,46.7,43.6,-21,-17.9,31.8,27.6,0.3,-0.6,4.2,0.11,425,0.1,0.28,153,36,16.7,12
31,2023-2024,Burnley,eng Premier League,38,5,9,24,24,0.63,3420,162,19,41,78,-37,47.4,2,5.3,37,3,3,0,40.6,38.3,-29.7,-26.6,29.7,26.6,-0.6,-1.3,0.3,0.09,430,0.09,0.27,137,31.9,17.7,13
32,2023-2024,Newcastle Utd,eng Premier League,38,18,6,14,60,1.58,3420,149,7,85,62,23,52.2,10,26.3,75,8,9,1,76,69,14.6,11.6,51.3,43.5,7,6,3.7,0.13,542,0.14,0.38,196,36.2,15.7,9
33,2023-2024,Manchester City,eng Premier League,38,28,7,3,91,2.39,3420,115,1,96,34,62,65.2,13,34.2,85,9,10,1,80.5,72.9,44.9,39.6,60.2,62.1,13.5,12.1,8.8,0.11,683,0.12,0.32,264,38.7,17.1,25
34,2023-2024,Brentford,eng Premier League,38,10,9,19,39,1.03,3420,170,16,56,65,-9,45.2,7,18.4,51,3,3,0,58.2,56,2.2,1.7,42.7,40,-4.2,-5,-4.7,0.12,470,0.11,0.32,159,33.8,15.6,17
35,2023-2024,Chelsea,eng Premier League,38,18,9,11,63,1.66,3420,148,6,77,63,14,58.6,8,21.1,65,11,12,1,74.5,65.1,16.4,11,51.4,43.1,1.5,-0.1,-0.4,0.12,537,0.12,0.34,194,36.1,17.3,22
36,2023-2024,Brighton,eng Premier League,38,12,12,14,48,1.26,3420,176,11,55,62,-7,59.8,6,15.8,45,5,6,1,56.8,52.2,1.4,1.6,41.6,43.7,-6.8,-7.2,-5.6,0.1,555,0.08,0.23,198,35.7,16.7,11
37,2023-2024,Everton,eng Premier League,38,13,9,16,48,1.26,3420,121,15,40,51,-11,40.8,13,34.2,38,2,3,1,54,51.6,-1.2,2.5,38.1,31.8,-14,-13.6,-21.1,0.11,504,0.08,0.25,152,30.2,16.7,14
38,2023-2024,Luton Town,eng Premier League,38,6,8,24,26,0.68,3420,158,18,52,85,-33,42.4,2,5.3,44,5,5,0,42.4,38.6,-35.5,-36.3,29.5,27.5,6.6,5.4,3.5,0.09,427,0.1,0.33,134,31.4,16.3,11
39,2023-2024,Nott'ham Forest,eng Premier League,38,9,9,20,36,0.95,3420,158,17,49,67,-18,40.6,4,10.5,48,1,1,0,49.9,49.1,-3.4,-1,37.9,27.8,-0.9,-1.1,5.1,0.11,450,0.11,0.34,143,31.8,17.2,7
40,2023-2024,Fulham,eng Premier League,38,13,8,17,47,1.24,3420,170,13,55,61,-6,50.6,10,26.3,52,2,2,0,50.8,49.2,-12.1,-7.7,37.6,33.6,3.2,2.8,2.4,0.1,499,0.1,0.3,175,35.1,17,14
41,2022-2023,Arsenal,eng Premier League,38,26,6,6,84,2.21,3420,150,2,88,43,45,59.3,14,36.8,81,3,4,1,71.6,68.9,29.6,30.8,53.5,46.8,12.4,12.1,10.5,0.12,589,0.14,0.42,194,32.9,16,16
42,2022-2023,Manchester Utd,eng Premier League,38,23,6,9,75,1.97,3420,149,3,58,43,15,53.7,17,44.7,53,3,3,0,67.7,65.3,17.3,17.3,52.2,44.6,-11.7,-12.3,-10.2,0.11,590,0.09,0.26,206,34.9,17.8,20
43,2022-2023,Southampton,eng Premier League,38,6,7,25,25,0.66,3420,175,20,36,73,-37,44.5,4,10.5,34,2,4,2,37.8,34.6,-23,-23.9,28.1,26,-1.8,-0.6,-3.1,0.09,413,0.08,0.26,132,32,18.1,17
44,2022-2023,Tottenham,eng Premier League,38,18,6,14,60,1.58,3420,140,8,70,63,7,50,10,26.3,63,5,6,1,57,52.3,7.4,5.8,43,34,11,10.7,3,0.1,512,0.12,0.34,186,36.3,16.7,14
45,2022-2023,Crystal Palace,eng Premier League,38,11,12,15,45,1.18,3420,138,11,40,49,-9,46.3,9,23.7,37,1,3,2,39.3,36.8,-8.8,-8.1,29,23.8,-1.3,0.2,0,0.09,423,0.09,0.28,133,31.4,17.6,23
46,2022-2023,Bournemouth,eng Premier League,38,11,6,21,39,1.03,3420,141,15,37,71,-34,40.4,8,21.1,37,0,0,0,38.5,38.5,-25.3,-19.9,28.4,26.3,-1.5,-1.5,-4.4,0.11,358,0.1,0.29,126,35.2,15.5,14
47,2022-2023,Leeds United,eng Premier League,38,7,10,21,31,0.82,3420,157,19,48,78,-30,47,5,13.2,44,1,3,2,47.3,44.9,-19.8,-17.5,31.8,27.3,-2.3,-0.9,-0.8,0.1,459,0.1,0.31,141,30.7,16.6,19
48,2022-2023,West Ham,eng Premier League,38,11,7,20,40,1.05,3420,132,14,42,55,-13,42.1,9,23.7,35,6,8,2,49.2,43.7,-3.9,-4.7,32.7,26.8,-8.2,-8.7,-7.7,0.1,466,0.08,0.26,133,28.5,17.3,13
49,2022-2023,Liverpool,eng Premier League,38,19,10,9,67,1.76,3420,164,5,75,47,28,60.8,14,36.8,69,2,4,2,71.5,68.4,20.7,20.5,55.6,52.3,-0.5,0.6,2.4,0.12,601,0.11,0.34,203,33.8,16.2,7
50,2022-2023,Aston Villa,eng Premier League,38,18,7,13,61,1.61,3420,144,7,51,46,5,49.3,12,31.6,46,3,4,1,50.3,47.2,-2.2,-0.7,38.8,31.6,-1.3,-1.2,-3.8,0.11,427,0.11,0.32,145,34,18,18
51,2022-2023,Wolves,eng Premier League,38,11,8,19,41,1.08,3420,165,13,31,58,-27,49.9,11,28.9,25,3,3,0,36.8,34.5,-23,-22.2,25.4,21,-8.8,-9.5,-13.4,0.09,409,0.06,0.21,119,29.1,18,18
52,2022-2023,Leicester City,eng Premier League,38,9,7,22,34,0.89,3420,138,18,51,68,-17,47.7,7,18.4,46,3,6,3,50.5,45.7,-12.8,-14.1,38.4,26.3,-1.5,0.3,-2.4,0.11,412,0.11,0.32,142,34.5,17.7,14
53,2022-2023,Newcastle Utd,eng Premier League,38,19,14,5,71,1.87,3420,155,4,68,33,35,52.3,14,36.8,58,6,6,0,71.9,67.3,32.3,31.6,51.8,45,-7.9,-9.3,-9.8,0.12,565,0.1,0.32,184,32.6,15.6,15
54,2022-2023,Manchester City,eng Premier League,38,28,5,5,89,2.34,3420,123,1,94,33,61,64.7,13,34.2,83,9,10,1,78.6,71.1,46.5,41.3,57.5,57.6,13.4,11.9,11.5,0.12,590,0.14,0.4,205,34.7,16.6,20
55,2022-2023,Brentford,eng Premier League,38,15,14,9,59,1.55,3420,171,9,58,46,12,43.8,12,31.6,49,7,8,1,56.3,50.1,7.5,2.5,38.4,30.5,-0.3,-1.1,-2.4,0.13,400,0.12,0.33,147,36.8,15.7,14
56,2022-2023,Chelsea,eng Premier League,38,11,11,16,44,1.16,3420,173,12,38,47,-9,58.7,10,26.3,34,3,3,0,49.5,47.2,-3,-4.5,38.6,35.3,-12.5,-13.2,-11.6,0.1,481,0.07,0.23,151,31.4,16.8,10
57,2022-2023,Brighton,eng Premier League,38,18,8,12,62,1.63,3420,143,6,72,53,19,60.2,12,31.6,62,6,6,0,73.3,68.9,23.1,25.2,52.2,44.7,-5.3,-6.9,-6.2,0.12,607,0.1,0.28,219,36.1,16.8,12
58,2022-2023,Everton,eng Premier League,38,8,12,18,36,0.95,3420,116,17,34,57,-23,42.8,9,23.7,29,3,3,0,45.2,42.8,-20.4,-18.1,32.4,26.9,-13.2,-13.8,-8.4,0.1,426,0.07,0.2,143,33.6,16.8,12
59,2022-2023,Nott'ham Forest,eng Premier League,38,9,11,18,38,1,3420,159,16,38,68,-30,37.6,8,21.1,33,3,6,3,39.3,34.6,-24.9,-22.8,26.3,20.5,-3.3,-1.6,-4.3,0.1,362,0.09,0.3,111,30.7,17.2,9
60,2022-2023,Fulham,eng Premier League,38,15,7,16,52,1.37,3420,152,10,55,53,2,48.8,9,23.7,47,5,9,4,46.2,39.1,-17.4,-18.6,28.5,23.7,5.8,7.9,4.5,0.1,420,0.11,0.34,137,32.6,17.3,17
61,2021-2022,Arsenal,eng Premier League,38,22,3,13,69,1.82,3420,110,5,61,48,13,52.8,13,34.2,55,5,8,3,60.5,55.1,14.9,14.2,40.2,34.6,-0.5,-0.1,0.8,0.1,581,0.09,0.3,186,32,17.8,21
62,2021-2022,Manchester Utd,eng Premier League,38,16,10,12,58,1.53,3420,114,6,57,57,0,52.7,8,21.1,53,3,5,2,55.8,51.9,2.8,2.5,42.5,37.1,0.2,1.1,3.5,0.11,503,0.11,0.3,179,35.6,17.7,19
63,2021-2022,Norwich City,eng Premier League,38,5,7,26,22,0.58,3420,114,20,23,84,-61,42.9,6,15.8,18,3,3,0,32.3,30,-43.2,-36.4,24.3,23.7,-11.3,-12,-8.3,0.08,370,0.05,0.17,104,28.1,19,18
64,2021-2022,Watford,eng Premier League,38,6,5,27,23,0.61,3420,106,19,34,77,-43,40.7,4,10.5,32,1,2,1,40,38.4,-24.5,-20.6,32.5,22.4,-7,-6.4,-6.5,0.1,397,0.08,0.26,123,31,18.1,24
65,2021-2022,Southampton,eng Premier League,38,9,13,16,40,1.05,3420,110,15,43,67,-24,47.7,8,21.1,37,4,4,0,44.8,41.6,-15.2,-16.9,32.5,28.7,-3.8,-4.6,-6.5,0.09,478,0.08,0.23,161,33.7,17.7,24
66,2021-2022,Tottenham,eng Premier League,38,22,5,11,71,1.87,3420,106,4,69,40,29,51.8,16,42.1,58,5,5,0,61.2,57.3,21.9,19.6,47,41.3,1.8,0.7,3,0.12,486,0.12,0.31,185,38.1,16.7,16
67,2021-2022,Crystal Palace,eng Premier League,38,11,15,12,48,1.26,3420,108,12,50,46,4,51.1,12,31.6,44,6,8,2,46.4,40.1,5.7,2.5,31,30.2,3.6,3.9,0,0.1,404,0.11,0.31,140,34.7,16.1,13
68,2021-2022,Leeds United,eng Premier League,38,9,11,18,38,1,3420,106,17,42,79,-37,52.3,5,13.2,37,5,5,0,44.4,40.4,-23.5,-23.5,31.3,25.1,-2.4,-3.4,-5.3,0.09,480,0.08,0.26,142,29.6,18.3,13
69,2021-2022,West Ham,eng Premier League,38,16,8,14,56,1.47,3420,95,7,60,51,9,47.9,8,21.1,54,4,6,2,51.4,46.8,-2.1,-2,37.4,32.4,6.6,7.2,8.6,0.11,443,0.12,0.38,142,32.1,16.6,13
70,2021-2022,Liverpool,eng Premier League,38,28,8,2,92,2.42,3420,111,2,94,26,68,62.7,21,55.3,87,7,8,1,88.7,82.7,54.9,48.9,63.5,56.2,5.3,4.3,7.5,0.12,721,0.12,0.37,237,32.9,16.7,13
71,2021-2022,Aston Villa,eng Premier League,38,13,6,19,45,1.18,3420,113,14,52,54,-2,46.5,11,28.9,47,3,3,0,44,42,-4.9,-2.1,34.8,30,6,5,7.2,0.09,461,0.1,0.3,159,34.5,17.6,20
72,2021-2022,Wolves,eng Premier League,38,15,6,17,51,1.34,3420,107,10,38,43,-5,49.5,11,28.9,34,1,1,0,37.5,36.8,-19.4,-12.5,26.4,23.4,-2.5,-2.8,-4.4,0.09,401,0.08,0.26,133,33.2,18.6,13
73,2021-2022,Burnley,eng Premier League,38,7,14,17,35,0.92,3420,96,18,34,53,-19,40.2,9,23.7,31,1,2,1,39.7,38.1,-17.4,-15.1,31.2,28,-7.7,-7.1,-5.2,0.1,405,0.08,0.26,119,29.4,17.2,14
74,2021-2022,Leicester City,eng Premier League,38,14,10,14,52,1.37,3420,109,8,62,59,3,52,7,18.4,60,2,2,0,47.8,46.2,-11.5,-6.4,34.2,26.9,14.2,13.8,11.8,0.11,433,0.14,0.37,164,37.9,17.8,14
75,2021-2022,Newcastle Utd,eng Premier League,38,13,10,15,49,1.29,3420,108,11,44,62,-18,40.4,8,21.1,38,3,3,0,38.1,35.9,-19,-16.8,25.8,23.3,2.9,2.1,-2.8,0.08,446,0.09,0.27,142,31.8,18.1,15
76,2021-2022,Manchester City,eng Premier League,38,29,6,3,93,2.45,3420,79,1,99,26,73,67.9,21,55.3,89,7,9,2,88.7,81.4,64,57.5,65.5,57.1,7.3,7.6,-2.5,0.12,704,0.13,0.38,237,33.7,16.3,17
77,2021-2022,Brentford,eng Premier League,38,13,7,18,46,1.21,3420,114,13,48,56,-8,44.8,9,23.7,40,6,6,0,45.8,41.1,-2.7,-3.5,33,33.8,0.2,-1.1,0,0.1,436,0.09,0.28,141,32.3,16.3,11
78,2021-2022,Chelsea,eng Premier League,38,21,11,6,74,1.95,3420,111,3,76,33,43,61.8,16,42.1,67,8,9,1,63.4,56.6,30.1,27.7,44.9,42.6,11.6,10.4,7.1,0.1,583,0.11,0.34,200,34.3,17.4,26
79,2021-2022,Brighton,eng Premier League,38,12,15,11,51,1.34,3420,111,9,42,44,-2,54.4,11,28.9,36,4,7,3,46.2,40.7,3.3,0.8,32.3,31.5,-6.2,-4.7,-2.3,0.09,482,0.07,0.26,141,29.3,17.7,15
80,2021-2022,Everton,eng Premier League,38,11,6,21,39,1.03,3420,97,16,43,66,-23,40,8,21.1,36,6,7,1,41.2,35.8,-14.2,-18.1,28.5,25.1,0.8,0.2,0.5,0.08,430,0.08,0.28,130,30.2,17.7,18
81,2020-2021,Arsenal,eng Premier League,38,18,7,13,61,1.61,3420,114,8,55,39,16,53.5,12,31.6,47,6,6,0,51.7,47,8.8,6.4,35.1,35.3,1.3,0,2.9,0.11,453,0.1,0.34,140,30.9,17.7,23
82,2020-2021,Manchester Utd,eng Premier League,38,21,11,6,74,1.95,3420,99,2,73,44,29,55.7,13,34.2,60,10,11,1,60.1,51.4,18.6,13.1,41.6,38.2,9.9,8.6,9.4,0.1,515,0.12,0.31,196,38.1,18.1,21
83,2020-2021,Sheffield Utd,eng Premier League,38,7,2,29,23,0.61,3420,103,20,20,63,-43,41.7,5,13.2,16,3,4,1,32.6,29.5,-29.6,-29.6,24.9,22,-13.6,-13.5,-11.9,0.09,319,0.05,0.17,92,28.8,17.7,5
84,2020-2021,Southampton,eng Premier League,38,12,7,19,43,1.13,3420,101,15,47,68,-21,52,9,23.7,42,5,6,1,41.2,36.6,-11.8,-9.5,25.8,22.2,5.8,5.4,7.2,0.09,418,0.1,0.27,157,37.6,18.6,20
85,2020-2021,Tottenham,eng Premier League,38,18,8,12,62,1.63,3420,112,7,68,45,23,51.6,12,31.6,61,5,5,0,53.1,49.2,4,7.9,35.3,25.3,12.9,11.8,14.7,0.12,438,0.14,0.37,167,38.1,18,35
86,2020-2021,Crystal Palace,eng Premier League,38,12,8,18,44,1.16,3420,95,14,41,66,-25,40.6,8,21.1,36,3,4,1,34.1,31,-24.2,-24.1,23.6,23.4,4.9,5,5.4,0.09,345,0.1,0.28,127,36.8,17.6,18
87,2020-2021,Leeds United,eng Premier League,38,18,5,15,59,1.55,3420,107,9,62,54,8,57.3,12,31.6,56,4,4,0,55.6,52.5,-2.2,1.8,41.9,34.4,4.4,3.5,3.1,0.1,518,0.11,0.29,193,37.3,16.9,9
88,2020-2021,West Brom,eng Premier League,38,5,11,22,26,0.68,3420,104,19,35,76,-41,37.9,6,15.8,29,4,4,0,35.8,32.7,-32,-26.6,24.4,21.3,-2.8,-3.7,-4.4,0.1,335,0.09,0.27,106,31.6,18.4,16
89,2020-2021,West Ham,eng Premier League,38,19,8,11,65,1.71,3420,99,6,62,47,15,43.2,11,28.9,58,2,4,2,55.4,52.1,6.7,7.3,39.6,31.9,4.6,5.9,6.4,0.12,464,0.13,0.37,158,34.1,16.1,17
90,2020-2021,Liverpool,eng Premier League,38,20,9,9,69,1.82,3420,104,3,68,42,26,62.1,12,31.6,59,6,6,0,67.5,62.9,24.5,26,48.3,45.6,-2.5,-3.9,-5.3,0.11,602,0.1,0.29,204,33.9,17.1,22
91,2020-2021,Aston Villa,eng Premier League,38,16,7,15,55,1.45,3420,91,11,55,46,9,48.5,15,39.5,47,5,6,1,52.5,47.9,1.5,1.5,37.4,31.4,-0.5,-0.9,0.6,0.1,514,0.09,0.26,178,34.6,17.3,16
92,2020-2021,Wolves,eng Premier League,38,12,9,17,45,1.18,3420,106,13,36,52,-16,49.3,10,26.3,30,4,4,0,36.5,33.4,-13,-9.8,24.1,23.9,-2.5,-3.4,-3.1,0.08,459,0.07,0.2,149,32.5,18.5,18
93,2020-2021,Burnley,eng Premier League,38,10,9,19,39,1.03,3420,81,17,33,55,-22,42.1,11,28.9,29,3,3,0,39.3,36.9,-15.4,-15.4,27.7,26.9,-7.3,-7.9,-7.7,0.1,381,0.08,0.23,124,32.5,17.4,15
94,2020-2021,Leicester City,eng Premier League,38,20,6,12,66,1.74,3420,99,5,68,50,18,54.3,11,28.9,54,10,12,2,55.8,46.3,9.8,3.5,33.7,30.1,8.2,7.7,11.3,0.1,473,0.11,0.32,170,35.9,18.6,20
95,2020-2021,Newcastle Utd,eng Premier League,38,12,9,17,45,1.18,3420,109,12,46,62,-16,38.8,7,18.4,38,6,7,1,43.4,37.8,-14.9,-16.6,29,21.1,0.6,0.2,-3,0.1,390,0.1,0.29,130,33.3,18.3,25
96,2020-2021,Manchester City,eng Premier League,38,27,5,6,86,2.26,3420,77,1,83,32,51,63.5,19,50,77,5,9,4,68.2,61.2,38,38.9,45.4,43.3,13.8,15.8,9.6,0.11,590,0.13,0.36,211,35.8,17.2,21
97,2020-2021,Chelsea,eng Premier League,38,19,10,9,67,1.76,3420,108,4,58,36,22,60.9,18,47.4,48,8,10,2,62.4,54.5,32.1,27.4,41.5,37.1,-6.4,-6.5,-3.5,0.1,546,0.09,0.25,193,35.3,17.1,16
98,2020-2021,Brighton,eng Premier League,38,9,14,15,41,1.08,3420,108,16,40,46,-6,51.1,12,31.6,33,6,9,3,50.9,43.8,15.6,14,33.2,34.9,-11.9,-10.8,-9.2,0.09,478,0.07,0.25,134,28,17.4,15
99,2020-2021,Everton,eng Premier League,38,17,8,13,59,1.55,3420,106,10,47,48,-1,46.4,12,31.6,41,4,5,1,45.7,41.9,-4.5,-5,30.7,28.7,-0.7,-0.9,1.3,0.11,395,0.1,0.29,143,36.2,17.2,15
100,2020-2021,Fulham,eng Premier League,38,5,13,20,28,0.74,3420,110,18,27,53,-26,49.7,9,23.7,23,3,6,3,40.5,35.9,-12.1,-11.2,26.3,25.3,-14.5,-12.9,-8.3,0.08,436,0.05,0.18,125,28.7,18.3,12
101,2019-2020,Arsenal,eng Premier League,38,14,14,10,56,1.47,3420,123,8,56,48,8,53.8,10,26.3,53,3,3,0,47,44.6,-8.3,-4.3,31.4,28.5,9,8.4,3.6,0.11,403,0.13,0.36,146,36.2,16.4,19
102,2019-2020,Manchester Utd,eng Premier League,38,18,12,8,66,1.74,3420,119,3,66,36,30,55.8,13,34.2,55,10,14,4,62.2,51.2,24.5,15.8,38.5,36.2,2.8,3.8,4.5,0.1,530,0.1,0.27,201,37.9,19.1,33
103,2019-2020,Norwich City,eng Premier League,38,5,6,27,21,0.55,3420,126,20,26,75,-49,49.3,5,13.2,23,2,2,0,37,35.4,-29.5,-25.5,27.4,23.6,-12,-12.4,-9.4,0.09,407,0.06,0.18,126,31,18,16
104,2019-2020,Sheffield Utd,eng Premier League,38,14,12,12,54,1.42,3420,110,9,39,39,0,43.1,13,34.2,35,1,1,0,43,42.2,-7.9,-6.4,34,29.7,-7,-7.2,-9,0.12,352,0.1,0.32,109,31,15.2,4
105,2019-2020,Watford,eng Premier League,38,8,10,20,34,0.89,3420,113,19,36,64,-28,42.9,9,23.7,28,7,8,1,48.9,42.6,-9.3,-8.5,31.4,27.6,-13.9,-14.6,-10.4,0.1,416,0.07,0.25,112,26.9,17.3,18
106,2019-2020,Southampton,eng Premier League,38,15,7,16,52,1.37,3420,111,11,51,60,-9,48.9,9,23.7,49,2,5,3,56.1,52.1,3.3,2.5,36.4,28.7,-5.1,-3.1,-4.4,0.11,494,0.1,0.29,171,34.6,17.8,27
107,2019-2020,Tottenham,eng Premier League,38,16,11,11,59,1.55,3420,113,6,61,47,14,52,8,21.1,53,3,4,1,47.9,44.7,-6.3,-4.4,32.6,28.2,8.1,8.3,6.4,0.1,440,0.12,0.34,154,35,18.4,21
108,2019-2020,Crystal Palace,eng Premier League,38,11,10,17,43,1.13,3420,98,14,31,50,-19,44.8,10,26.3,26,3,3,0,35.8,33.6,-21.2,-22.6,26,24.4,-6.8,-7.6,-6,0.09,373,0.07,0.23,115,30.8,17,15
109,2019-2020,Bournemouth,eng Premier League,38,9,7,22,34,0.89,3420,108,18,40,65,-25,44.1,5,13.2,34,4,4,0,44.8,41.7,-17.5,-15.9,30.6,25.7,-6.8,-7.7,-6.6,0.11,385,0.09,0.29,117,30.4,17.3,21
110,2019-2020,West Ham,eng Premier League,38,10,9,19,39,1.03,3420,107,16,49,62,-13,44.1,7,18.4,45,4,4,0,48.6,45.4,-15.2,-13.7,36.7,33.4,0.4,-0.4,-0.7,0.11,413,0.11,0.29,156,37.8,16.4,13
111,2019-2020,Liverpool,eng Premier League,38,32,3,3,99,2.61,3420,127,1,85,33,52,62.9,15,39.5,78,5,5,0,68.9,65,31.2,28.1,53,46.8,14.1,13,16,0.11,586,0.13,0.35,224,38.2,16.5,20
112,2019-2020,Aston Villa,eng Premier League,38,9,8,21,35,0.92,3420,113,17,41,67,-26,44.1,7,18.4,39,1,3,2,44.3,41.8,-23.5,-21.2,34.2,27.7,-4.3,-2.8,-2.2,0.09,453,0.09,0.27,147,32.5,17.5,21
113,2019-2020,Wolves,eng Premier League,38,15,14,9,59,1.55,3420,97,7,51,40,11,48.3,13,34.2,45,4,4,0,54.1,51,16.1,15.4,37.5,30,-5.1,-6,-3.5,0.11,457,0.1,0.32,142,31.1,17.4,13
114,2019-2020,Burnley,eng Premier League,38,15,9,14,54,1.42,3420,74,10,43,50,-7,41.9,15,39.5,38,3,3,0,47.4,45.3,-2.4,-0.6,32.4,28.5,-6.4,-7.3,-2.4,0.12,384,0.1,0.31,124,32.3,16.4,18
115,2019-2020,Leicester City,eng Premier League,38,18,8,12,62,1.63,3420,112,5,67,41,26,57.1,13,34.2,60,5,7,2,62.2,56.7,16.7,19,44.9,35.3,2.8,3.3,3.1,0.11,533,0.11,0.33,183,34.3,17.4,20
116,2019-2020,Newcastle Utd,eng Premier League,38,11,11,16,44,1.16,3420,118,13,38,58,-20,39,11,28.9,38,0,1,1,35.5,34.8,-30.1,-29.3,26.9,19.1,2.5,3.2,2.1,0.09,398,0.1,0.29,132,33.2,19.1,14
117,2019-2020,Manchester City,eng Premier League,38,26,3,9,81,2.13,3420,120,2,102,35,67,66.2,17,44.7,94,6,11,5,92,83.6,55.7,48.9,68.4,62.7,8,10.4,0.6,0.12,735,0.13,0.38,250,34,16.4,27
118,2019-2020,Chelsea,eng Premier League,38,20,6,12,66,1.74,3420,117,4,69,54,15,60.4,9,23.7,62,7,7,0,69.2,64.4,30.6,27.4,46.7,42.3,-0.2,-2.4,-0.7,0.11,618,0.1,0.3,210,34,16.6,29
119,2019-2020,Brighton,eng Premier League,38,9,14,15,41,1.08,3420,128,15,39,54,-15,52.2,9,23.7,34,1,2,1,45.4,43.8,-9.5,-9.5,31.6,27.3,-10.4,-9.8,-7.6,0.1,460,0.07,0.24,139,30.2,17.6,11
120,2019-2020,Everton,eng Premier League,38,13,10,15,49,1.29,3420,120,12,44,56,-12,49,9,23.7,41,1,1,0,50.8,50,2.5,4.8,38.1,31.5,-8.8,-9,-6.1,0.11,468,0.09,0.26,159,34,16.4,20
121,2018-2019,Arsenal,eng Premier League,38,21,7,10,70,1.84,3420,113,5,73,51,22,58.1,8,21.1,65,4,5,1,60.1,56,5.8,7.2,46.7,43.9,8.9,9,5.3,0.12,462,0.14,0.41,159,34.4,16.7,11
122,2018-2019,Manchester Utd,eng Premier League,38,19,9,10,66,1.74,3420,112,6,65,54,11,54.7,7,18.4,56,9,12,3,61.4,52,10.8,6.1,39.6,38.3,3.6,4,0.4,0.1,514,0.11,0.27,210,40.9,18.7,27
123,2018-2019,Watford,eng Premier League,38,14,8,16,50,1.32,3420,103,11,52,59,-7,46.7,7,18.4,50,1,1,0,48.2,47.5,-11,-7.8,34.8,28.5,2.8,2.5,4.2,0.11,436,0.11,0.34,148,33.9,17.3,22
124,2018-2019,Southampton,eng Premier League,38,9,12,17,39,1.03,3420,107,16,45,65,-20,43.4,7,18.4,40,4,5,1,46.9,43.4,-8.2,-9.5,29.3,27.9,-2.9,-3.4,-2.3,0.1,479,0.08,0.26,155,32.4,18.9,20
125,2018-2019,Tottenham,eng Premier League,38,23,2,13,71,1.87,3420,106,4,67,39,28,59,13,34.2,62,4,4,0,54.9,51.8,7.8,8.8,39.1,36.2,11.1,10.2,7.9,0.1,533,0.12,0.34,182,34.1,18.1,23
126,2018-2019,Crystal Palace,eng Premier League,38,14,7,17,49,1.29,3420,92,12,51,53,-2,45.2,12,31.6,38,10,11,1,47.6,39.2,-2.5,-7.4,29.5,27.1,0.4,-1.2,3.5,0.08,482,0.08,0.28,135,28,18.4,16
127,2018-2019,Bournemouth,eng Premier League,38,13,6,19,45,1.18,3420,104,14,56,70,-14,46.9,10,26.3,48,7,9,2,53.3,46.2,-3.9,-7.1,38.8,34,1.7,1.8,4.2,0.11,437,0.11,0.31,153,35,17.4,16
128,2018-2019,Cardiff City,eng Premier League,38,10,4,24,34,0.89,3420,109,18,34,69,-35,35.4,10,26.3,30,3,4,1,42.4,39.2,-19.1,-16.8,27.6,25.4,-9.4,-9.2,-7.6,0.1,413,0.07,0.27,113,27.4,17.7,13
129,2018-2019,West Ham,eng Premier League,38,15,7,16,52,1.37,3420,113,10,52,55,-3,48.6,7,18.4,46,5,5,0,47.6,43.8,-14.3,-14.2,34.1,30.9,3.4,2.2,-1.1,0.1,436,0.11,0.31,149,34.2,17.2,17
130,2018-2019,Liverpool,eng Premier League,38,30,7,1,97,2.55,3420,109,2,89,22,67,61.8,21,55.3,79,7,7,0,73.7,68.4,44.9,40.3,49.8,52.6,12.3,10.6,5.2,0.12,568,0.14,0.37,211,37.1,17,20
131,2018-2019,Wolves,eng Premier League,38,16,9,13,57,1.5,3420,110,7,47,46,1,46.8,9,23.7,42,4,4,0,52.1,49,10.1,10,39.4,30.3,-6.1,-7,-4.4,0.11,473,0.09,0.29,144,30.4,17.7,12
132,2018-2019,Burnley,eng Premier League,38,11,7,20,40,1.05,3420,86,15,45,68,-23,41.2,8,21.1,41,2,2,0,44.4,42.8,-17.7,-16.9,31.2,27.6,-1.4,-1.8,0.8,0.12,358,0.11,0.37,112,31.3,15.8,14
133,2018-2019,Leicester City,eng Premier League,38,15,7,16,52,1.37,3420,111,9,51,48,3,50.9,10,26.3,43,5,7,2,52.4,47.3,8.7,7.5,37.6,31.5,-4.4,-4.3,-3.6,0.1,508,0.08,0.25,173,34.1,18.6,19
134,2018-2019,Newcastle Utd,eng Premier League,38,12,9,17,45,1.18,3420,99,13,42,48,-6,40.4,11,28.9,40,1,3,2,39.1,36.7,-14.5,-12.4,27.4,23.4,1.9,3.3,5.6,0.09,443,0.09,0.29,136,30.7,18.8,16
135,2018-2019,Manchester City,eng Premier League,38,32,2,4,98,2.58,3420,108,1,95,23,72,67.9,20,52.6,88,3,4,1,84.3,81.3,59.6,59.5,65.5,63.6,6.7,6.7,5.5,0.12,679,0.13,0.35,252,37.1,16.9,21
136,2018-2019,Chelsea,eng Premier League,38,21,9,8,72,1.89,3420,113,3,63,39,24,62.9,16,42.1,56,5,5,0,58.6,54.6,22.2,19.9,44.9,45.9,2.4,1.4,7.1,0.09,602,0.09,0.29,192,31.9,17.8,30
137,2018-2019,Brighton,eng Premier League,38,9,9,20,36,0.95,3420,99,17,35,60,-25,42.4,7,18.4,30,5,6,1,35.3,30.7,-23.8,-20.7,24.5,23.1,-0.3,-0.7,-0.5,0.09,364,0.08,0.3,99,27.2,17.9,12
138,2018-2019,Everton,eng Premier League,38,15,9,14,54,1.42,3420,111,8,54,46,8,51.5,14,36.8,51,2,5,3,49.7,45.7,4,4,33.7,30.4,3.3,5.3,0.3,0.1,493,0.1,0.31,163,33.1,16.9,20
139,2018-2019,Huddersfield,eng Premier League,38,3,7,28,16,0.42,3420,107,20,22,76,-54,47.2,5,13.2,20,1,1,0,28.8,28,-32.2,-26.7,19.9,17.4,-7.8,-8,-6.9,0.07,400,0.05,0.17,116,29,19.1,15
140,2018-2019,Fulham,eng Premier League,38,7,5,26,26,0.68,3420,108,19,34,81,-47,48.8,5,13.2,31,2,3,1,41.3,39,-26.8,-23.7,30,26.3,-8.3,-8,-6,0.09,451,0.07,0.22,140,31,19,10
141,2017-2018,Stoke City,eng Premier League,38,7,12,19,33,0.87,3420,92,19,35,68,-33,41.4,6,15.8,34,0,3,3,36.5,34.1,-26,-24.5,27.4,25.8,-2.5,-0.1,0.6,0.09,380,0.09,0.28,122,32.1,18.1,11
142,2017-2018,Arsenal,eng Premier League,38,19,6,13,63,1.66,3420,101,6,74,51,23,61.4,13,34.2,69,4,5,1,68.3,64.3,20.5,21.3,53.3,55.2,4.7,4.7,7.7,0.11,589,0.12,0.31,223,37.9,17.9,30
143,2017-2018,Manchester Utd,eng Premier League,38,25,6,7,81,2.13,3420,111,2,68,28,40,54.7,19,50,66,1,3,2,55.7,53.3,15,13.4,40.5,42.2,11.3,12.7,12.5,0.11,509,0.13,0.39,170,33.4,18.4,21
144,2017-2018,Watford,eng Premier League,38,11,8,19,41,1.08,3420,111,14,44,64,-20,49.7,9,23.7,39,3,6,3,45,40.2,-6.8,-7,29.2,29.4,-3,-1.2,-2.2,0.09,434,0.09,0.31,126,29,17.9,10
145,2017-2018,Southampton,eng Premier League,38,7,15,16,36,0.95,3420,113,17,37,56,-19,51.3,8,21.1,33,3,3,0,39.9,37.6,-5.3,-6.1,29.5,31.3,-3.9,-4.6,-6.5,0.09,447,0.07,0.24,136,30.4,18.1,11
146,2017-2018,Tottenham,eng Premier League,38,23,8,7,77,2.03,3420,108,3,74,36,38,61.8,16,42.1,68,2,3,1,64.7,62.3,30.8,30.8,49,43.6,5.3,5.7,2,0.1,620,0.11,0.33,209,33.7,18.4,28
147,2017-2018,Crystal Palace,eng Premier League,38,11,11,16,44,1.16,3420,73,11,45,55,-10,45.2,9,23.7,36,8,10,2,53.5,45.9,5.2,-0.8,33.3,28.6,-9.5,-9.9,-7.3,0.1,466,0.08,0.27,134,28.8,17.8,20
148,2017-2018,Bournemouth,eng Premier League,38,11,11,16,44,1.16,3420,109,12,45,61,-16,48.1,6,15.8,42,3,3,0,38.8,36.4,-20.4,-20.4,29.1,30.3,6.2,5.6,6.9,0.08,462,0.09,0.27,153,33.1,18.3,15
149,2017-2018,West Brom,eng Premier League,38,6,13,19,31,0.82,3420,108,20,31,56,-25,40.7,10,26.3,30,1,1,0,36.5,35.7,-11.4,-11.4,25.9,26.9,-5.5,-5.7,-1.9,0.1,377,0.08,0.27,111,29.4,17.7,15
150,2017-2018,West Ham,eng Premier League,38,10,12,16,42,1.11,3420,97,13,48,68,-20,45.2,10,26.3,46,2,4,2,36.7,33.6,-18.4,-17.1,24.9,22.7,11.3,12.4,4.1,0.09,368,0.13,0.36,127,34.5,18.2,17
151,2017-2018,Liverpool,eng Premier League,38,21,12,5,75,1.97,3420,111,4,84,38,46,60.3,17,44.7,80,2,3,1,72.9,70.6,39.1,41.5,52.7,47.7,9.1,9.4,5.3,0.11,635,0.13,0.35,226,35.6,17.7,22
152,2017-2018,Burnley,eng Premier League,38,14,12,12,54,1.42,3420,83,7,36,39,-3,43.7,12,31.6,35,0,0,0,32.3,32.3,-18.9,-15.4,23.6,23.5,2.7,2.7,2.4,0.09,378,0.09,0.28,126,33.3,17,16
153,2017-2018,Leicester City,eng Premier League,38,12,11,15,47,1.24,3420,107,9,56,60,-4,48,9,23.7,48,5,6,1,50,45.3,1.9,0.3,34.9,31.1,3,2.7,3.1,0.11,417,0.12,0.35,137,32.9,17.6,11
154,2017-2018,Newcastle Utd,eng Premier League,38,12,8,18,44,1.16,3420,112,10,39,47,-8,41.7,9,23.7,38,0,1,1,41.6,40.9,-10.8,-6.8,32.1,26.1,-3.6,-2.9,-3.1,0.09,450,0.08,0.26,146,32.4,19.2,21
155,2017-2018,Manchester City,eng Premier League,38,32,4,2,100,2.63,3420,106,1,106,27,79,71,18,47.4,97,6,8,2,78.6,72.7,54.8,50.5,57.9,60.7,24.4,24.3,27.1,0.11,656,0.15,0.38,254,38.7,17.8,30
156,2017-2018,Chelsea,eng Premier League,38,21,7,10,70,1.84,3420,109,5,62,38,24,55.6,16,42.1,57,3,3,0,54.4,52,20.6,19.8,41.5,43.3,5.6,5,0.5,0.09,603,0.09,0.27,210,34.8,17.9,20
157,2017-2018,Brighton,eng Premier League,38,9,13,16,40,1.05,3420,101,15,34,54,-20,43.7,10,26.3,28,5,7,2,37,31.8,-13.8,-16.6,26.2,22.5,-4,-3.8,-1.2,0.09,377,0.07,0.25,110,29.2,18.3,4
158,2017-2018,Everton,eng Premier League,38,13,10,15,49,1.29,3420,114,8,44,58,-14,45.5,10,26.3,37,5,8,3,40.5,34.1,-11.9,-14.5,24.7,24.5,1.5,2.9,1.3,0.1,351,0.11,0.34,110,31.3,17.6,8
159,2017-2018,Huddersfield,eng Premier League,38,9,10,19,37,0.97,3420,112,16,28,58,-30,45.7,10,26.3,23,2,2,0,31.3,29.8,-17.2,-14,23.7,19.8,-6.3,-6.8,-4.7,0.08,360,0.06,0.22,106,29.4,18.8,14
160,2017-2018,Swansea City,eng Premier League,38,8,9,21,33,0.87,3420,109,18,28,56,-28,45.3,9,23.7,26,1,1,0,31.6,30.8,-27,-23,20.2,19.7,-4.6,-4.8,-0.2,0.1,338,0.08,0.27,95,28.1,18.2,15
